-0.09780608866614159,0.363906307982585
0.4910890007702499,-0.1293755982562648
-0.4074812703674886,-0.3339912642636754
-0.219945462570875,-0.1217003840993605
0.3203640543996897,-0.3104493576007279
-0.09595914164338586,-0.4510393866422567
0.4004144023727174,-0.1403691458103848
0.4869137397593193,-0.253883777790387
0.2409081399492768,-0.3747078618202371
-0.3519834527563626,0.3613086798924053
0.2361396694440153,-0.1979582364278911
0.03591150698601533,-0.2814891178755805
0.35768865133662,0.3427041250687439
-0.2288752984403807,0.1705749097943801
-0.03922960757889478,0.2875014901233774
-0.3022332507077735,0.3664116489627721
0.2228775163639993,-0.2961670923934265
0.316709506909432,0.3295697438009139
0.3874754935464609,0.3185789137423762
-0.1275470533042745,0.3249218202635329
0.4115608183791907,0.3121980496867613
-0.0236874860088483,-0.1175686110951258
0.3299788562865915,-0.140730586593754
-0.02509285480075072,-0.08810046228571709
-0.3858195019373417,0.3824009379598742
0.04504546620489744,-0.4240724103407633
-0.07174033883131416,-0.2070387765712578
0.1845391904033182,0.1152702994409935
-0.09448714492564116,-0.4954171872614105
0.006354200487597689,0.1642516243374878
-0.0866176415577226,-0.1810838761977835
-0.0101390413354622,-0.09793801921628315
0.3981530468168122,-0.3224057895849332
0.2137411423136535,-0.07545551626385964
-0.02821901516152595,-0.3096720923315673
-0.0746332994810177,0.2257274028681237
0.3035329360809899,-0.3769725261218695
-0.3792350040889506,0.160119564702027
-0.3071813365735186,0.4167117443489055
-0.4588475629894886,-0.2123555793282967
-0.4813980311454569,0.4588787932832283
0.2081808819712641,-0.1762766020983034
0.4784942979900614,-0.4036787560044554
-0.353406405469428,-0.4229667940637883
-0.1102770093505899,0.01154529737348218
0.3321869386952171,0.2065145143091098
0.4244808543244505,0.3997426913233114
0.4547331805791698,-0.09758413467384659
-0.3080669073059046,-0.001129713570370819
-0.4081552347819201,-0.2024765952303904
-0.1567187510994749,-0.232352702166589
-0.04406752179067998,0.3631259100723551
0.2891655055630752,-0.1222110051571073
0.1865952181218558,0.3614197780424535
-0.3092154458040214,-0.3715640151115656
-0.4968293113492274,-0.4965084581336111
0.4478089074607242,-0.259717576988423
-0.4575582685430734,0.1020363983454283
0.171323182846891,0.2285657475546892
-0.02802649801957407,-0.3340307061465328
0.3500958565585281,-0.1702274367356131
0.2413145615043656,0.4065016008281884
-0.1410658120325195,-0.07030059052730303
-0.4642540999392496,0.1311912988097847
-0.007531161065204577,-0.3559883393218946
-0.02897032570914553,0.1861625070544628
0.3028606001095918,0.09151486027287779
0.4067921343103296,-0.351696429464057
-0.2710194043000854,-0.25567739159253
-0.158031258171357,0.0103390052085756
-0.1751846635732975,-0.2536558332531244
0.1878537354720031,-0.4884249771654789
-0.3887131913430242,-0.07535287557980291
0.2975807338717883,-0.054773776510141
-0.1984750567531105,-0.3643534522662689
-0.08521636280741977,0.4900512564009351
-0.1533759006583596,-0.04743148208840411
0.2058878805709128,0.3511317194212095
0.130528842329041,0.01724287427435883
0.04167640792004854,0.3459750735941329
-0.361691817843409,0.3988954724145217
0.0962269837954475,-0.09564374039062663
0.290878301545785,0.1291738152724234
0.002887223964449948,-0.3298449663780841
0.01538496416946813,0.2067226875324201
0.2206180766748906,0.2297610869079456
0.4643572105494815,-0.3423991066910073
0.00732978760827024,0.05439896589813695
0.4090753179207021,0.2909983024750368
-0.2743175290792014,-0.2358393757864181
0.04493763813904318,-0.3701776012595088
-0.3856221288459393,0.0748625673441216
-0.06084850297508525,0.05446804013567761
-0.0158356521102252,0.0618152656924135
-0.4318616939169439,0.02406872260514422
-0.2410107199178987,0.02227726512831273
0.4281702032962059,-0.2420551654446173
-0.1471351278404863,0.1472803290876279
0.03909500376309545,-0.1378168396703784
0.08657328253204313,0.3879389802382939
-0.1647589973203486,0.140050085374238
-0.05080724845401792,0.01847586693538019
0.02821436350135043,-0.005496604906626961
0.09077870552286903,0.1151722694273551
0.3742856868400914,0.2525234623620662
0.06077365338899329,-0.1968342302255287
0.05564762086870641,0.3041637617738905
0.4091317992115713,-0.1063791041000427
-0.2345178168769322,-0.2030519915646928
-0.4256795969345817,-0.0368904668186623
0.3442253622910956,0.4247869444914214
0.231129401710305,-0.2680003114386652
-0.05075500488100844,-0.07798415638223655
0.4851111736011831,0.4318758510833727
-0.3848175330578442,0.09063218733413922
0.007898670751064292,-0.4290827063452568
-0.463389538776151,-0.1127674058376746
0.01522240501475936,0.1897912037026636
0.07622679826409484,0.3609994538336108
-0.09508933983308895,0.2024027878629781
-0.4379347436909413,0.001303832734315727
0.2494200268690584,-0.1352195631617025
0.2983138686848912,0.3656269284497574
0.3234143936426571,-0.03226567485974224
0.02938726855481113,-0.04131058482128181
-0.3255161008896111,0.1343604499314549
0.03717905973075263,0.3335469190927952
0.4285560427735141,-0.3533022957204616
-0.3580249953858359,-0.1390161769176753
0.1788495256330112,-0.371021311650331
0.1677132015133445,0.4628112564591964
0.2342379828397812,-0.2721023562173778
-0.2460422608151502,0.1501349145212523
0.01229359368479762,-0.2050199233077026
0.352962647269442,-0.2846241402231658
-0.00962359627951587,0.2844449924585957
0.2001960489087747,-0.2714331648147564
-0.3639960260295059,-0.1791606029810409
0.05498422804411737,0.06020908272561263
-0.2068293172114404,-0.2924015277657951
0.3143902165105555,-0.3361937155222344
-0.2168331974890546,0.4863801907989771
0.4041375518813092,0.1946487599115726
0.3702820579869425,0.1419661102531025
0.3590929862470116,-0.08962818455819682
0.1408151544142528,-0.4649229961539245
-0.4690638985700435,-0.01075888758846197
0.08680768153494116,-0.05493029437731162
0.2612231074345817,0.2383835094893331
0.08244804349016197,0.1985708801041142
0.297192792744311,-0.1784550940806551
-0.09122055467457935,0.07325705158834779
-0.4278811584904488,-0.4241263312051214
-0.2272856231134694,-0.198147643026955
0.4282851389638229,-0.4136868822453044
0.02535962494314516,-0.1946901804311216
-0.08748641476334437,-0.16644533527688
0.1620427584647226,-0.2937018146528846
-0.314448098292251,-0.04690673397098039
-0.1627620443372027,0.1223616994275943
0.42415083656819,0.1002390038160568
0.05196893364826845,0.4736390992798086
-0.2403129216453044,0.1292182794026379
-0.1879324864235924,-0.2303429412975629
0.3440445315246844,-0.3971202337630348
-0.09407552011510129,-0.3314998576783436
-0.07549668932606111,0.1494328519876952
0.1701293995487765,0.09552907488796034
0.1015873211931836,-0.2930878356150406
0.1552397548051924,-0.09809053473114041
-0.4342163914241571,-0.4212880711859595
0.4422443488236147,0.296061672258727
0.2579685212692832,0.1141206656823216
-0.08966558577941659,0.2284853691667328
-0.2298553644004357,-0.3148137282425576
0.3360093406889317,0.2787892219371788
0.03281528035964345,0.01673928134875903
-0.1753761234201286,-0.009309956852142672
0.4862053246564713,-0.2454223074577137
0.3000765006416314,-0.4458627816637325
0.4698933532424857,-0.1177905187489794
-0.3232156695291791,-0.3190163322001142
0.4373945655142537,-0.3760733913029365
-0.2120249404902535,-0.4133856189317301
0.4653063327202099,-0.2592609695625151
0.2607359159274626,0.1556930459329947
-0.4371167013669942,0.3986778381301539
0.1125177732674792,0.02843598588890796
0.1070105386091328,-0.04948228004800931
-0.495452399795797,-0.03340816377505502
0.225487024713788,0.4690514630924922
0.4761187373774527,0.2295703078955653
-0.4490192803208688,-0.4902834031675121
-0.1186439903145054,0.008950261404802342
-0.1091292311359125,0.2565754309530838
-0.02850137499657707,0.2944570022063336
-0.038937300287761,-0.3464275148010766
0.03463214950209031,-0.4333259659184232
0.1956153124014058,-0.09814340360969896
0.2890456680100397,0.1176042593403367
-0.4896145972774624,0.4028711081706272
-0.1422790050406637,0.4477947435242686
0.1801179667508482,0.2925925747710734
0.4627666442748715,-0.1790500527923583
0.01112272261668504,-0.1981484728686088
0.210848560119563,-0.2535274869288657
0.2908347234533248,0.3876861579637265
-0.3633196394280206,-0.3633432618208572
0.1443062866923548,-0.06911505021887707
-0.07621802032748161,0.1050856046224213
-0.06472311285446163,-0.2680279726115976
0.394581505019293,0.161533684212347
-0.2451061727113414,-0.353182385644916
0.2479132936232871,-0.3284524597343664
0.3788642419786121,0.4711728168710476
0.1826001032476741,0.09180125561386525
-0.07275298170219612,0.3471081889993314
-0.06720427109164707,-0.1597470229376886
0.06900257378106871,-0.4643225889838533
0.09237592845606439,0.4164197099535172
0.4250659755022157,0.01138870407687878
-0.4028260464617528,-0.2735067540412114
0.2129102889315055,-0.257931302659396
-0.2140424638153641,0.3767144510876692
0.1625013850362326,0.118194157638605
-0.3342885689172234,-0.111648939903805
0.08129435622101727,0.1767554367450237
-0.3084298739017585,-0.377863346787266
-0.03701310481107888,0.3046068491448393
-0.4567347561588164,-0.360449606546993
-0.05645887634384428,0.3077459206241866
-0.3761342827663479,-0.09741993480440346
-0.1546703095105968,-0.1401547793444823
-0.06734921739336933,-0.4552204394609017
0.2774748595926108,0.4414324331020986
0.456173423514616,0.1226590219330645
0.284956652573195,0.4471820288279897
-0.0348295910916567,-0.4233819799649514
0.4341054636090761,-0.3895189200572111
-0.04583600650394806,-0.3909577513551833
0.2226413233139947,0.1270810162583787
-0.1209215904173323,-0.1596229658095373
0.487277178882536,0.3317832094876404
0.4340550629359533,-0.3116103583089423
-0.2120010998714285,0.3409634796844463
-0.008237696619184576,0.05103601292861559
0.2887839398133209,-0.4262820725977481
-0.434418677798091,-0.4835397036968817
0.1124766331761504,-0.3689065280469699
-0.3058246981826821,-0.4070910813460602
0.07103761439170016,0.4490702621612392
0.1414991504386884,0.3117383101483431
-0.1655896893279198,0.08662161498488957
-0.0756769247631464,-0.1137508204077789
0.4885502180446072,-0.4171463848986683
-0.2568746233691851,0.2717569680798673
0.0996811293507132,0.1578561448218742
-0.3749757388174047,0.001398598401227081
-0.4777608135490462,0.1253776503021412
-0.2532951245572583,-0.4071053905181288
-0.1222180596534588,0.3924676961199136
-0.1315522389245887,0.1645695551158748
0.1968197723524319,-0.07468014369280181
0.01756983232187488,-0.1986895555744172
-0.4176142776488049,-0.3407855367394621
-0.07049402715879485,-0.3454575359422186
0.4391600679117973,-0.3838026965423925
-0.4956732753197422,-0.4085209930507917
-0.06535949561311037,-0.3990966160330787
0.3820929459235625,0.007600951630263184
-0.2521194149502023,-0.2866001966071413
0.4685654511573352,-0.4878938811542232
-0.06063167458631885,-0.2121672634152526
0.2496686236126354,-0.3160080733029642
-0.1037697621607014,-0.2048010655253455
-0.3709321484184848,0.3099039598290307
0.03878662719293162,0.4950351945366385
-0.3779902397592901,0.2665388772779858
-0.06176272324465387,-0.4424444815716069
0.1030158572680617,0.3543028508335713
-0.08487289274506252,0.4721218501919193
0.443302697113393,0.3470751416070684
-0.193862181775037,-0.01468330991341155
0.2190305314597968,0.1671260369749515
-0.07751307214789085,-0.4674642737378819
0.1216055299513812,0.3940094782604293
0.1541072756360338,-0.03386420089588399
0.2707580245141824,0.1886456113697722
0.2273902234819092,-0.03342457865111117
0.3693329404882674,-0.4623968280064047
-0.1831886173755326,0.06838549917103526
0.4426619746676094,0.1192384334215875
-0.1547231566223272,-0.3410416785260843
0.4058503504794228,0.02391544382468378
0.2981042406248224,0.3543346471447332
0.4373968023204693,0.2508288990619021
0.4765608762998932,0.1281781466693783
0.3149825054828844,0.1729324435188616
-0.09964224379327238,0.005581083965164742
0.1185091487710357,0.2012316416860063
-0.1560479648462793,0.1891959507712677
0.4089227931366609,-0.1126303976140414
-0.3799736057018691,0.1173506841481109
0.2496819489097749,-0.09920165157113776
-0.1555055252077006,-0.3658076517793846
-0.2593304313269042,0.1225854464874953
0.2209061312255808,-0.02615678937386722
-0.2610113714402722,0.2416241073404407
0.04042218359467532,0.1977350142210371
-0.1530370166880377,-0.1094501725435276
-0.3454788926331966,0.07974779013007142
0.2290130615406544,-0.2266426282023955
0.3037514672502635,-0.4669568702425064
0.3261598016629866,-0.4994226939747756
-0.4576151384191854,-0.3284594236885217
0.06060497530994365,0.1457246006552499
0.2785572816466422,-0.1162006862223661
0.4389180303876251,0.3809450754988343
-0.3142857500457167,-0.3773759526112324
-0.2243008770698282,-0.2886132767191911
-0.2453359983178812,-0.3629292893451795
0.3402753841035653,-0.472914791456388
0.2732909112977166,0.4403722899768854
-0.4171001470872333,-0.2054161711399752
-0.04052792956996052,-0.4548230331354057
-0.3419317685883059,0.3222501004901704
0.08513189312548683,0.061769247646618
-0.4581692818262046,0.4748309265840863
0.3184867819716243,-0.4793707289238722
-0.3380445562898985,0.03987879807202493
-0.2505628211799675,0.4571976299181771
-0.2419090381194284,0.4293217927238826
0.4887361799874541,-0.2138077278726923
0.3412979884962962,-0.40649262002059
-0.1626975587188517,0.375453661601674
0.05582811190294849,0.4008396154251676
-0.2429552320488504,0.0925152955666368
-0.1913236648151753,-0.3522733921202888
-0.03994031137425321,0.2939079291322767
0.2475109995240187,-0.2121047648615278
0.0945111578911164,-0.0238643599769828
-0.1237721640656983,-0.07807287740565964
-0.1256314269097198,-0.1576481571279048
-0.1122861613606854,0.2523520857654135
0.3956615872678013,0.06625230843412663
-0.479095779717113,0.1866100842758271
-0.332363356394534,0.1142046560411575
0.1477916566090516,-0.178356072274874
0.4817484856925836,-0.0886952591111058
-0.007109701770542832,-0.01432287500933827
-0.4935832772324707,-0.4282834253023036
-0.3542590640185138,-0.05137803415286768
0.1936484805929191,0.4399135448156714
0.1729060235593504,0.3251666522883822
0.1932408914991462,0.2489334048102821
0.2300624178495735,-0.4097167830285032
0.07299710625335813,0.1945505666789259
-0.1750471680848024,-0.1947327783719603
-0.07389723068130498,-0.3263933315236958
0.2049412353020835,0.1759447392391079
0.0729611762592827,0.0790831297843142
-0.1265549875948333,0.1171895152094307
0.2165184249299327,-0.2192868594339611
0.2129911843417114,-0.07681253203156536
-0.03147300614483284,0.2442220463795346
-0.08690434491587493,0.4703539532598416
0.01203737231900977,0.2466065101647464
-0.2211878878016342,-0.007039142716227013
-0.1081270563391166,0.4763166831020593
0.1597525775037043,-0.1701322898218541
-0.2124272481317888,0.2904472297795802
-0.1374158748427071,-0.3191662498754933
-0.2165022133828602,-0.4498669623159305
-0.07884303833756476,0.470755898541687
-0.3388959133401949,-0.01158903630568082
-0.1976266002007701,0.1935373404028807
-0.421550447397258,-0.3467325369319008
-0.4330833365510702,-0.3867128647721939
0.4815841288879538,-0.162403812706437
-0.1590267875489345,0.347962358032723
0.07866629177960907,0.2940919678920618
0.2843202261613048,0.4892639601666066
0.2549226066824777,-0.4185066124867123
0.05509150369641583,0.174524947077757
0.09641866102691914,-0.2333426564337612
-0.3323835008445927,-0.05753659335890254
0.2718164463269057,0.2426546618042833
-0.2390244375931475,-0.4814027358773936
0.0439380990220485,0.1370747719635204
-0.3360627574073409,-0.3094749260427785
0.3667346592758778,0.06384604140643034
-0.3616062365435027,0.09626571065733715
0.3200446530437383,0.1688980863261073
0.4463293635637752,-0.3758642018903663
0.03496440791398505,-0.1828852452713387
-0.3858824091157743,0.196305823500577
0.3385401520197199,-0.03117488321430722
0.4088534549348443,-0.224832927511114
0.3288421728527868,0.1444419303694257
0.3015822982839224,-0.06313183791833084
-0.1333529338303811,-0.3940119274183146
0.2746444098676598,0.1900137446642466
-0.1066562563668804,-0.386299346191207
0.2186667480011465,-0.1691317858936518
0.1566903986156631,-0.355474236557016
-0.05445407838755615,-0.1487637493788595
-0.187876931250547,-0.07105111892733278
-0.1237084691305847,0.4278500912622891
0.4998426621826307,0.03328422634608689
0.305396862282268,-0.3817558330560999
-0.2697684075411685,-0.2196714309126617
-0.2973621288933526,0.3233176914140373
0.4351628822295241,-0.3344486231197541
0.3440271507491073,-0.08415103798533807
0.2648287142515005,0.2353097643847984
-0.3738768678292093,0.4106153377029745
0.2708690896485698,-0.3418736190945921
0.002229418534847402,0.2456125366971429
0.02957626887325452,0.3560086820879444
0.4057286109723108,-0.1076230570663427
0.1273054990066592,0.3834792383233072
-0.07303988569156694,-0.08003824436669417
0.02158397219464535,0.260052267816251
-0.4929639901190694,-0.03096629307888571
0.4929411058233062,0.4383301442942615
0.1625646210900783,-0.2164689095095648
-0.1105606198548465,0.08452441390589521
0.1056348387811574,0.316008920821584
-0.01478386509568701,-0.4819537430819416
0.4860753459548081,0.02692548925042471
-0.01797735555668552,-0.4733414897578662
-0.120362330020742,0.02875307522087006
-0.3405964766126712,0.1689392813747949
0.1703147947045871,-0.1695834337832458
-0.008193818314630738,-0.2603385882564989
0.1625773254640004,-0.266172670355925
0.200865638817852,-0.2784011904448695
-0.1596461732917658,-0.09136190143635545
0.2938910876492547,0.02146273823173949
-0.357832030492173,-0.4448665085686214
0.02957747231933597,0.2008401054534046
-0.4392132520796387,-0.00475320873528141
-0.2474832859676817,-0.1865813819404799
0.3771244901596226,-0.002472703010441002
-0.1389315767243115,-0.1594128071059304
0.4799570647054875,0.446362576706943
-0.4545351059770131,0.49233421433117
-0.1599038782020943,0.2612659351872147
0.2708080684374641,0.3633868033172491
0.02604622113912099,-0.08316812903693045
0.3928759977485208,-0.09597492911588565
0.3199376931227235,-0.1985626214217607
-0.4947380159492791,-0.3443170965610915
0.2420766926651379,0.3106566859193948
-0.278665701587195,0.1376907117810372
-0.0505886156988342,-0.2065908216839117
0.3479454744045153,0.2186883271182792
-0.2395352295399291,0.09863733955690193
-0.4728530113146183,0.2088652436618325
-0.1949809593052996,-0.3717708149380281
-0.09411829523442683,0.01758904308688432
0.01224836878993773,-0.1728804699696567
0.4985175044024852,-0.1468903843297786
-0.474858587645073,-0.05561012244017846
0.2437955147983615,-0.02587120125419331
-0.1384272621976735,-0.3414418985984459
0.3235390768768985,-0.1580023936579222
0.2535420502044882,0.3365552559249313
-0.1238877687089823,-0.1220681845817565
0.08550971134829324,-0.01353818466663985
-0.440223072967082,0.2587516736586306
0.1725711196723055,-0.3886873572764791
-0.2341035606882993,-0.1557457378303329
0.3428168060552184,0.2661227174388093
0.3762414350890324,0.2948705906593394
0.1690322386229066,0.3160949352730426
-0.3154546463821972,-0.4972954016134032
0.2410781755755203,0.4751438146209396
0.4852211143484963,0.337379483445448
-0.2333536125297192,-0.4924281636244996
-0.4977035294459657,0.1172183421170147
0.04588297330774473,-0.3644746636716103
-0.2607282107852815,-0.3460645314423733
-0.3445634813690467,-0.1219889998281532
0.4910992988351112,-0.4513973146994125
0.1563653287610899,0.1359341718493473
0.3683963193539342,-0.2610099595989545
-0.3673725405636942,-0.3474796525826422
-0.1019576315612011,-0.2356789548888971
0.1219715199545346,0.03507029610168445
-0.3817834334490058,-0.4678239904794998
-0.338072906357044,-0.3270388744595577
-0.3607944282991903,0.2378481049990572
-0.1381032835665693,-0.007651507501866759
-0.2521348401324466,-0.4013349180047585
0.09539501134037169,-0.3076870319729386
-0.3238655606739916,-0.1830906625982732
-0.04258767865396526,-0.2552138884384127
0.03352247862235228,-0.01532608678008276
-0.3671458561255085,-0.1171977868113954
-0.4632036458061669,-0.278879919507302
0.1263750066200948,0.1621864197508689
0.2592278728642107,0.1841030037329078
0.1600901154389121,0.3081222799691379
0.05280784288236104,-0.06358923382696151
-0.3264057978298073,0.3677407930462208
0.2901080440690268,0.08914758616633088
0.04766119735432899,-0.04299376795757883
-0.1580326755521582,0.237859421360536
-0.008247982188763398,-0.2587756062728583
0.2407483001024311,0.2486264904165259
0.1100368879579243,-0.2766086856333939
-0.438345841390316,-0.2153696174949584
0.4222803746617396,-0.2317406153851219
-0.00629199919287092,-0.105121503781564
-0.4624268794117578,-0.4200580538475925
-0.2357401317405629,0.04305105038212873
0.4359215986513283,-0.4937279981507767
-0.2787734111520461,-0.1441184081518576
0.1420001101369757,-0.05693754906606766
0.08145997882970619,0.4144031269971885
-0.4175002619201857,-0.2340232125720375
0.4715934362116447,-0.3028434907123442
0.2598738792767018,-0.04865471030961061
0.4317617139864179,0.3714611843367071
-0.4688530417834162,0.4967623612583438
0.00831485100783598,0.1437442072313034
0.3642509841388112,0.0861371204391483
0.3140394168017779,0.3468379528973885
0.2035772523972841,-0.02739665496445262
-0.02384079971767603,0.2640863064604704
0.4904479862699922,-0.3588648803538332
-0.2400270775521362,-0.2111157756984362
-0.04527517437865586,0.32106158277004
-0.3257034265304781,-0.4634367803716345
-0.4584110436564698,-0.434467660810648
-0.2720192291703299,0.2433474489555671
-0.2388115149870186,-0.4357880510309662
0.04052234114906431,0.07947294857707841
-0.1285477937058702,-0.3419290179305662
0.2471858138097565,-0.4366316363276512
0.4284728569909786,0.03616391587473903
-0.0882217618041804,-0.4407036821454896
-0.09252416099369862,-0.1684012844391904
-0.4734831194962338,-0.2750086776059097
0.4223411145043981,-0.1014585933824606
0.3425944243663049,-0.08330880634270052
-0.2481367845523753,0.003648952410696657
-0.4352327994598438,-0.1172936975579417
0.03643275399698979,-0.3549100405104503
0.07424567369930699,-0.08209198543773008
0.05491899005671739,-0.4871141617956823
-0.2970732658263331,-0.02774295982460636
-0.4339784594247347,0.03685123803870302
0.410756495942421,-0.1282280347316317
-0.3969735377867323,0.1049871496369729
-0.07444159463094877,-0.05224527634042977
0.3405679048480956,-0.2063355176976979
0.1858981941700225,0.4712045782019683
-0.1348501806948621,-0.01193876420239478
0.4960213655016183,-0.3584596468606911
-0.3691041660906469,-0.1955100697493017
-0.4444695694907986,0.07932544599070915
-0.4859443605101997,-0.4253007705576546
0.4498386949216971,-0.125003516467298
0.3058642749772157,-0.3870964447935938
0.2246114098344566,0.04250695045945783
0.135348164037914,0.2744242488498304
-0.1755746346297719,-0.1785849766610279
0.0806489144665247,-0.1990434650155769
0.01158568616032593,-0.3393309832694964
0.416929192600027,0.09947360211128416
0.428409653821937,-0.4150747092306649
0.3025606873252848,0.1213398462998932
-0.243377416020419,0.001657897883339166
-0.3305128473834867,-0.1748727104559419
-0.145685098574843,-0.1385424539990282
0.455924453652889,0.3878542936003342
0.1485179521432715,-0.2627619292392279
-0.08125216760721152,-0.1793799699503221
0.30098982183816,-0.2951088537425461
0.07757697662254352,-0.4942645993932518
-0.0183497639440944,-0.02167160257204305
0.3326692573808325,-0.4264500680995528
0.1923092933784986,-0.2759179950977996
-0.09045986541516156,0.1605969336303098
0.4451504929187546,-0.4599878334531131
-0.265366310927065,-0.4719881985301789
-0.4937964852476195,-0.4379816814073865
-0.1319492808643089,0.2378377111819328
-0.259736010155397,-0.1600803699034611
0.3565447006013833,-0.4593861334499216
-0.2234927434971564,0.4273550771598658
-0.01224127330276469,0.4074929363246995
0.2796709794335497,-0.148008059166553
-0.04694543622811089,-0.2615555344513405
0.4392219969503866,0.2049535393358639
-0.1778129191844761,-0.1663035024792715
0.07616066926192494,-0.1075989836294249
-0.2071863564765877,0.07870165222273175
0.2763901849987065,-0.03420989474763963
0.4390519282610874,0.3205369149805697
0.439297664879719,0.349311602976918
0.03139320972211832,-0.09254323514375352
0.489276518522511,0.005458114597164419
-0.3359141678713747,0.08171952006682925
0.3770825469298345,0.217858652741263
0.05593506807740684,0.498248210140332
-0.05321535950454352,-0.2949953530461795
0.2309268195399219,-0.1116426189459481
-0.1897848497093175,-0.2030543905798138
-0.2155411115505742,-0.3628513144267058
-0.07371747449435682,-0.4502548149106982
-0.3484556511970695,0.4843191075598539
0.09599269933976654,0.2486098484249392
0.2693084464814091,-0.1400323992913091
0.3721827046894823,0.2972946864950706
0.4492055901869894,-0.280868616426702
-0.1311427556951688,-0.3550084854220756
0.1412315573875084,0.3472917928123785
0.4732135281551115,-0.1449547828038274
-0.08884841955279164,-0.2597970938892696
0.2991484466898839,0.2968659087436852
-0.3288819626181229,-0.2220014675201908
0.3722898560156283,-0.1939680516865736
0.3881036449270774,-0.1003100453688607
-0.3252599471461812,-0.150151471878205
0.2264283192414148,0.18711718772943
0.3988426398382119,-0.2043872305039716
-0.2855646246547209,-0.2968543182832513
0.3812978103317687,-0.3533876805169071
-0.1583083300333022,0.03099956969047791
0.4767032144555204,0.1984114011790043
-0.1754073449490794,-0.06344401578497524
0.2733470244709318,0.2803881959083394
0.279361629297086,-0.3906424895420154
0.2630737263066031,0.009654561201812923
0.1660093410498758,0.001698665661441158
0.4703531081083087,0.2274446350464395
0.4514747426232834,-0.3224596502191873
0.3057462515869918,-0.224026826154731
-0.04663284535973804,0.2617112978226363
0.1802474721253044,-0.01244340150151439
0.3722466814295565,0.2870227706293282
-0.1584470803681092,-0.250743691282206
-0.2947329215194235,0.2242534225037095
0.2949740933864028,0.3073901035103579
0.2249224621803956,0.4537488972339385
0.4047192351697234,0.1538966473254852
0.3762830852945926,0.3117850201006706
-0.4224412876230604,0.2708848039442627
-0.3607649911395666,-0.05517904984787851
0.005831426115836967,-0.1344232424522416
-0.3188412893128919,0.01845828327169386
-0.4702218664568324,-0.3569143489913881
0.4645481159261881,-0.1330448664230388
0.009067534053655452,-0.3012164480748377
-0.1934754258558658,-0.09664955273882721
0.2689830684451042,-0.2452593943593587
0.270001182606823,0.4803949048909217
-0.2168993806525688,-0.3390501310701987
-0.4101826632219804,-0.4992650750390957
0.01061519182432689,-0.05916313188374354
-0.07121038959523714,-0.3538996482159638
-0.001418249371348756,0.1672629557163123
-0.05035097525522056,0.0482130710444885
-0.3010191938385537,0.1844976508146947
0.06921402340025296,0.2333688721901821
0.2168916924059682,-0.3501754010780186
-0.3750879780896665,-0.307035979185613
0.4275912040943335,-0.2263858775688963
0.4179628783534302,-0.4999196166997025
0.1279539363228932,0.1494854173699131
-0.1161405259929261,-0.1659760939815187
-0.3042058512965766,-0.2223521946676131
0.4410686224138409,0.1606683250114671
-0.4357971314516214,0.3879565446656353
0.2216003803462691,-0.4460613376000102
-0.07819487506451513,0.3457686020742384
0.1852738396353222,0.1687639145110551
0.04827228662590855,-0.1954245938566932
0.1895919431328102,0.07306461711061418
0.4523065834650505,-0.1074912402239276
-0.03115365321750306,0.4799827958410205
0.2607353772738268,0.4447278992372408
-0.4745306657138768,0.3738745322117243
0.02808706055159563,-0.4117614564340284
0.3333706985737858,0.4969442482826173
0.4375513850260498,0.2408233501785192
-0.483416336053046,0.01609653248287638
0.2461359118469615,-0.2065659788592386
-0.2015396767160547,0.02933709474708169
-0.1685357854983438,0.4447945866541914
-0.370523933715875,0.2258702073884097
-0.3240864851172996,-0.1456379797138044
-0.4334614120733663,0.05222012477917316
0.07603149675334038,0.1564332186528407
0.123909167900477,-0.3512343669448706
0.1294444071434843,-0.2404340342415204
-0.1838815016168284,-0.03892712229126143
0.3186334193683221,-0.1522272793530013
-0.04592384595515954,0.3266396079905439
-0.4925550618487394,-0.2036694337529361
-0.1360016912666311,0.04449574047568357
-0.3438651547511537,-0.02166947619870545
-0.1196138273640717,0.4210667054373372
0.3398240506745984,-0.1167990215173225
0.1548492924459583,0.4185734745173194
0.06068630401694899,0.1898511959380221
-0.2896403477209677,-0.4178835980419871
0.3083041455787362,0.2215131930588359
-0.04634031502432203,0.382281893459242
-0.3657288952490375,-0.3197770966546072
-0.4807214031456651,-0.02220280248191117
-0.2887630381690985,0.4570021133978058
0.2862731229631119,-0.4889710892805952
-0.2952384406277389,-0.1466136202474135
-0.2221909139024796,-0.4573531730814839
0.4582229240251099,0.1887258615274243
-0.3585153430311261,-0.01021980679645425
-0.3339410652302824,-0.04810594843184088
0.3650335822110632,0.3170050126236816
0.3198795257688751,-0.1791977070161987
0.4690504658025094,0.3789201281526528
-0.4370223002259477,0.1724773868258475
-0.01554415809240018,-0.101617645015453
0.3753578064882676,-0.1097962381414325
-0.4377965789556481,-0.2354116748113354
0.1281412297640837,-0.1050560997698267
0.1871285119397104,-0.09973384413230135
-0.1959119021810763,0.009775829214226879
-0.01432488992196332,-0.1695673553844001
0.4980527294408632,0.003842689317293478
-0.1230175451400517,-0.1551905619017986
-0.2336167707694947,0.08813473245917737
0.3860720764579119,-0.3853302954569652
-0.2062332275844736,0.457753554888326
0.1975235181458318,-0.1416690956720358
0.2613214946124476,-0.1261863935396014
-0.3690688329436734,-0.1800471502125162
-0.3575940018809969,-0.4729289162253776
-0.3906564123994276,0.06575027131534435
-0.4741753263040395,-0.1643309422716385
-0.3866655747031485,-0.05351749760742783
0.2968742252722987,0.2728868619469245
-0.2326404832231999,-0.4299624964080704
-0.25912891717361,-0.09265389147752415
-0.1058858395897271,-0.3743767033092302
0.4141262485040022,0.4523648976113244
0.1819176991472226,0.07323441915643077
-0.0510759940299977,0.03185487274147039
-0.2496151788981691,-0.4052593992417184
0.4078201015829312,0.1189442887457833
-0.1500098275549971,-0.1211936592835797
-0.2314077498746799,-0.3660727155851389
0.4549977867581246,-0.1804618590656063
0.216526225313592,0.09473217930546764
-0.4723943844308648,0.4723567009439004
0.3255281720090407,0.1584253981710371
0.06422588061616082,-0.3426975432269491
0.1497311795065791,-0.3037656843566985
-0.1408533740868989,0.02979158339526617
-0.2567745704010782,-0.02986532219783008
-0.2547467826238803,0.2378660137108893
-0.4897023216643926,0.02767378749155567
-0.3899407457335411,-0.04039580922321116
0.477470937948239,0.1026202684993882
0.1248199424045382,-0.3750803022947481
-0.1338253330210321,0.200765154670465
0.4212730499782478,0.253155088191097
-0.4941382411093104,-0.3832259601762073
0.2923617766869991,-0.1137486458929859
-0.1635651000935221,0.2379361320680208
0.05732538126972236,-0.3039300086488672
-0.3113768664357754,0.2262208447456482
-0.4047947201563248,0.09126463893330707
0.1409245519666566,0.01989152049275621
0.4360379241975598,0.3746783480664402
0.3552877902032066,-0.1169634480822581
0.1766390766130492,0.1455112785173318
0.4147233804733271,-0.07024460200863211
0.2252817216125572,0.3166767459858192
0.007480552181005453,0.039609116427871
-0.3149939553853945,0.4530233324375894
0.269930764186534,0.3209861021377139
-0.2184960816022917,0.2290066529733654
0.02036319214285265,0.08036156753070997
-0.3837892433504685,-0.3163976505731612
-0.3469665774470708,-0.3998597007667636
0.04812309268406421,-0.1099549423598313
-0.4901471450308391,0.225592781410822
-0.3913325986338934,-0.008705498959439166
0.1424568644565021,0.1149472718576817
0.1248859411402623,0.3419617060939621
0.3782652879566071,0.4217740240072129
0.2104973030117504,-0.4747603751182334
-0.3798898652298498,0.3671631659268168
-0.08167110596708914,-0.205975707447497
-0.3959729632583952,-0.3482632532502862
0.2512851848660219,0.09467654453015012
0.3242636693684481,-0.2875522102203972
0.2664489745843784,-0.205648703653147
-0.3711293278130476,0.01279238663086268
-0.04787124438388994,0.1143649119103849
-0.4093070922947378,-0.1639346137730134
0.004593736925234342,0.1029234871251002
0.2485454836709175,0.4306051484213232
-0.4156072453801114,0.1835215918276654
-0.1536395175769336,-0.3623322129572802
0.1870039848687359,0.3436748333591896
-0.07160245374572738,-0.0851752283657784
-0.4783057545425173,0.3237150080428268
0.3020575566506336,-0.2098967573630018
0.3612006943479248,0.2287525019837424
0.2823858481459834,0.08787876257621745
0.1907506631227191,-0.1762731452496812
0.4380353453487356,-0.3124527144710937
0.1032350323258943,0.3889112078130242
0.09948980114833669,-0.06674085232390176
0.1538246443823062,0.2946648357222603
-0.01803379562728839,-0.2702857004224759
0.05431620703973024,-0.4830063500238337
-0.2924979632240117,-0.4566476859840826
-0.1849669178592446,-0.4323099677133538
0.1547546322879083,0.2930245818291398
-0.4232179037133557,-0.01289656044710446
-0.4915479477254804,0.08193813889256012
-0.2289966352829291,-0.1242200481664918
0.2515530998997771,0.3051773772384516
0.4625358847621213,-0.06211491364576196
-0.3849935471842266,0.3085070715322744
-0.3498231143686382,0.2811773195286014
-0.02581507204597638,-0.1573609108460168
0.1012129561971948,-0.4513298546329698
-0.2341267352814227,-0.282904128209336
-0.3668992368392744,0.4952565910045343
-0.05149229834588563,0.2767470529992805
0.008055572518487524,0.1065955202451833
-0.07700276322572641,0.03204410760812663
0.02989931887574858,0.4754988194201896
-0.4259473249393183,0.1607947420541981
0.4107723080733759,0.498159613775579
0.0307675194188152,0.03411146036964698
0.3432006885549074,0.1375476659744515
0.2676380328459388,-0.3785952290375482
-0.3505826458284306,0.049910283489769
-0.1110907702142479,0.1887976910016115
-0.2937353209318682,0.2345143442053575
0.3888626233280728,-0.156094733026506
-0.1699392918495556,0.4900535862912437
-0.3691806589796858,-0.4288576239419252
0.2426220744728261,-0.3487929297015067
0.3104826791001311,-0.2407748220170733
-0.4845553154701799,0.1529638077203733
-0.3720511765497607,-0.4688008889439381
0.4834320723647132,-0.4603687691062629
-0.2196595695008757,-0.08997344225341324
-0.2148303899520183,0.466646292707236
-0.4174640876752676,-0.2909115940282398
0.2835757990901653,-0.4733507922685309
-0.472632346980028,-0.1990342040470273
-0.1530074470371519,-0.09161752818966279
0.2111408284099949,-0.02734562697691672
0.3402567861045691,-0.2023843869663755
-0.3270728232311784,0.3734514346601564
-0.3355658253200813,-0.09471886455737298
-0.1909245471454105,0.4530392206022991
0.2015691841610931,-0.4742457963006662
-0.04435496682082323,-0.4717953346362319
-0.2589750971172296,0.2371587699638806
-0.4657597335242121,0.2938227761410897
0.4135640633974929,0.4060379699234413
-0.04769778297943068,0.4111225167602442
0.06695053649527136,-0.2899979318025454
0.02473639050376733,0.1845539971741811
0.0283951200571491,0.2508514888142597
-0.4949802594812496,-0.4928203458020293
-0.4939207513260947,-0.2498527076423696
-0.1457723970496446,0.2607058807371109
-0.09119258848248668,0.2666699640408519
0.001692546538042939,-0.4345866613329161
0.173492579541887,0.07264648615031857
-0.08594750876318986,0.1915921394658959
-0.3801649474483996,0.4405713836342208
-0.3207020301379923,-0.399309324215562
-0.2509864241448079,0.07531473566433165
0.4344824181882124,-0.1596668760418883
-0.194228210590247,-0.2231186385608639
0.08242992748734952,-0.1345792252609838
-0.1263044896429175,-0.1553842726851269
0.2499464391109148,0.3879672448448985
-0.3759044236027493,0.2103047856611485
0.2457365090132464,0.005095603138652299
0.1721685009924531,0.01270663382461629
0.1402101339386822,-0.4595095923802209
0.4868178596368518,0.4073813088623603
0.02864515316170811,0.2994585469752136
0.1270704391741858,-0.00180070115900432
-0.3280468355152868,-0.4566285593632685
0.1679368429318023,-0.04954143933388584
0.1933240992474174,-0.04303455764186149
0.3726963300611771,0.2553715103241984
0.04659243245794288,0.04916246986563994
-0.1978260332648565,-0.176595507850314
0.159169393454621,0.08335565818287773
0.2980767085501685,-0.2213959284552736
0.2228241593564537,0.2579592913265505
0.1992389271093336,-0.4867582337064724
0.2888505196274663,-0.2861619411239767
-0.1640096704362583,-0.196397726525656
-0.2413382340134539,0.4413387907437063
0.3741064999610298,-0.2534679506702955
-0.4547294388179581,0.1678502657730316
-0.4920234924100825,0.4617705866511081
-0.01776332358204754,0.1733519759812701
0.387368255421922,-0.07572726694160652
-0.4759476979454504,-0.003936023347133041
-0.3304915939972842,0.3347790666984457
0.0265511901247758,0.02424610158711386
0.1093798620408676,0.1728478676338739
-0.1634189113046508,-0.1947831225263139
-0.08271248866199803,-0.1168498950451322
0.2827001212766035,-0.2922149457945424
0.3893259036413421,-0.3306468155299073
0.3054587270060991,0.4264321404395653
-0.1951541772409997,0.3252902363026161
0.4191688111750788,0.1612550107840099
-0.3947778176203544,-0.2951918968315277
0.2301194970412525,0.07220383329466085
0.01370926976864609,-0.2160515364073929
-0.2513102963621821,-0.2444818282241952
-0.3229566899875944,-0.092838713434881
0.2971153876806271,0.02237069296248688
0.290610512872799,0.02695620682120677
-0.1372326182233289,-0.1470855210467764
-0.1665633991467303,0.06789623826845578
-0.04174101181717621,0.3160145576291423
0.1403750836958297,-0.1320516488845338
-0.3215856581854689,-0.352928369202526
0.42088522056027,0.1896126167862431
-0.1070847617408089,0.3726660717303542
-0.1791942659024096,-0.342312115470787
0.1326665399791569,-0.3593783859966379
0.460491444206129,-0.1484868009857249
-0.09800056639341735,0.03795485347937231
-0.1675540482675204,-0.08230357796700138
0.120845053322335,0.4670049756610997
-0.02386508320593721,0.1662828609418612
-0.1936627973889692,0.329559898504411
-0.2184659172619644,0.4854477507132993
-0.3155633321772996,0.2707184288452255
-0.3208722352045697,-0.05703867831346682
0.458863372243825,-0.09723732672028257
0.471685645139575,-0.4687781252793056
-0.1339443429007812,-0.1640687411404443
0.2172964478352244,-0.003332792826482805
-0.2642221278825146,-0.09981829216790374
-0.2318628560199227,-0.4977953955110062
0.4216717815662956,-0.1671882274866174
0.2247428916742412,-0.2007174898563181
0.2280367934670293,0.02616858951484878
0.2322998415970418,0.07345755136928221
-0.2348833948235597,-0.09177568561822094
0.1585037667439218,-0.1316541471174128
0.4540811788174973,0.2439785690616726
-0.4580367002160331,-0.4062186333428729
-0.3440445091099866,0.3550401891262358
0.01893597577355629,0.4564563423878973
-0.2391315342182204,0.02604992095711596
-0.1954680589462299,0.04814652391919795
-0.1914408721025208,0.2207802574677871
0.02136475305579035,0.1013007104564309
-0.1708328714093137,-0.03520036693913699
0.4069618229978497,-0.429623969593326
0.03683544639976138,-0.03203864504791584
-0.09139233209382165,0.03748655746818367
-0.2302487893728965,-0.278193201538196
0.4533584516127567,-0.2250045211703695
0.1611223619094615,0.2924557915751407
0.2591719743371462,0.4503907077662552
0.2251267864862247,0.1813098556650543
0.2307539630627552,0.2214737486978453
-0.3326452850271487,0.4127275529692152
0.03756326690924697,-0.4962457022949419
0.1435085944809104,0.06671072693963202
-0.004886821810061617,-0.252605301898894
0.2874715299693136,0.2111379345320851
-0.2324387551581753,0.1260153981002763
0.447141809019623,-0.3772973799561405
0.1901922376568421,0.04330819239907359
0.03575134248511887,0.3036717871293215
0.1337619625592052,0.1559193994394552
0.40703728147704,-0.2678999939198169
-0.06293109360904275,-0.05705879882459669
0.02753120812258387,0.4239921825100593
-0.4318576462846379,0.470087174332151
0.43561742411941,0.1089374047472842
-0.459059467702941,0.4923154659780056
-0.3257946148574735,-0.09282400358168588
-0.4151100310581323,-0.4830710002178692
0.18640331383536,-0.4954404143192847
0.2952562885170349,0.2657252668833145
-0.1909313965823702,0.2209791366070757
0.244804234360197,0.07585574784940059
0.08314248013763156,0.2384273680588603
0.07128108450895722,-0.1362993487308857
-0.05920496419948881,-0.1974319017872925
-0.1839762065276681,0.3337890977235633
0.1505213947490691,0.3850767151034629
0.2450428545828943,-0.3031573698278718
-0.3279848337441439,-0.0670151404677599
0.4539878395083279,0.235645539964079
-0.1669569334968856,0.05378252504577798
-0.1440554979003469,0.4641429662731454
-0.2467512950446932,-0.3914117053716552
0.4995552440215354,-0.1443794346231906
0.2375605335582034,0.3967288477500391
0.291291054663822,0.3781638500053539
-0.0274075317951092,-0.02765416432787508
0.4497182309203889,0.3352015566874682
0.4143348262583606,0.04802439836077274
-0.1323884061799613,0.120452769838167
0.3509229415802948,0.4295920970506918
-0.09482010291391113,-0.1095433914770668
-0.3463516888170606,0.211414768501189
0.1402827100661959,-0.05099413463215864
-0.1501772601120411,0.01844770868004709
0.2528069850826138,0.1668063989938759
0.2581481292546535,0.4723555408301321
0.3528407480271926,0.2267973402961956
0.06761707545815847,0.4365773561348951
-0.2549113652011721,-0.001784738976032571
-0.4516078740153545,-0.4748553875797558
-0.319885383946855,0.3065394189305518
-0.09001958896195601,0.03848015456069708
0.3338743662347752,0.2222969354918566
-0.1934428424654619,0.1421162822682077
0.1654744427441713,0.1930355217345823
0.4939177200203317,0.2510648070255944
0.4442444909364025,-0.000323022752576568
-0.4450986135665243,0.4398648644677646
0.2567662903173764,-0.3973520112886994
-0.215476315890903,-0.1477227670982329
-0.05576981778479116,0.1919197496258946
0.437706913182897,-0.2103242973355814
-0.2888493254239091,-0.3796509458573393
-0.1351197687625079,-0.01528764853925528
-0.2284496239006921,0.3942702050495882
0.2863122443042818,-0.2645812724992535
0.4560870201737572,0.3142919304379338
0.09256681982668076,0.08837496677398886
0.3105511768218062,-0.1136447634773924
-0.4176195784936224,-0.4530993714380045
-0.1404145587245363,-0.2529092107028956
-0.08284947239333804,0.09780788222118252
0.165908920654999,-0.493492843185826
0.3829004192319322,-0.2790828384892529
0.1618102026205347,-0.2344847164887825
0.2166474400490443,0.02520852735863315
-0.2004184545468086,0.2106978981687585
-0.1905606427661692,0.2803328070223352
-0.264595348170348,-0.4618105775400665
0.132281607469366,-0.1377935503365911
-0.1388753545966809,0.1967806401804257
0.002374875083356764,-5.031151276850801e-05
0.09001390766916693,-0.4800604326068681
0.2772691990644163,0.2960746632742184
0.4616065893777709,-0.3383276650373383
0.4048357737957452,0.04000765902553181
0.1706481046199478,0.4066565597846674
0.3643141877989695,-0.4583499507991112
0.1384202739611663,0.1572615994051039
-0.3861859889420284,0.1440365954048155
-0.3214871026430905,-0.02709715863020903
0.03736827320978491,-0.2930547141342842
0.4179772919702091,0.4850966825365618
0.3604661732277932,0.3015719875299271
-0.445377788160575,-0.3534826441453974
0.2520442471440686,0.09290295827025498
-0.1115522050678877,0.09518858873393898
-0.1035127807565256,0.2433432703270095
-0.1417776387927647,-0.1695142267871572
0.1114906363829896,-0.334229266492411
0.2503331497610016,-0.1087731667124198
-0.211648416308268,0.3750186276581424
0.4619465489216124,0.05230279334929301
-0.4437747362797184,-0.08250586017948051
-0.3422697509901946,-0.3034695916334745
0.4202561494669776,-0.3744329860048227
0.4848343583663851,-0.4531609325662854
-0.2324616267306487,-0.4010485281167942
0.3821315041089913,0.1363846960247675
0.3248724286144824,0.08563307525325271
0.3720824927163489,-0.4882372855163459
-0.04779090381425423,0.2950259064433995
-0.3952702507809832,0.07192233393683123
0.09013880367963722,0.2157683504698448
-0.2240921640573956,0.2362968116817415
-0.04164494558005384,-0.4177668506856348
-0.1149197434559339,0.2442154662908542
0.4246753472196231,0.3491594714729789
-0.4944581496857207,0.04728715764815468
0.01070653794278601,-0.07141321456531974
-0.1938086803192601,0.1007377134787275
0.3723151523998106,0.08471304815179717
-0.2238302216108377,0.2632404948171491
-0.172731958667461,0.2212989236196461
-0.2602636328957468,0.05452833429034724
-0.2505116183926549,-0.02138596893657366
-0.4125503903680305,0.4526188795416483
-0.3774747355172929,0.1259682598970535
0.4767881624796197,0.346014953688101
0.3151193602784723,-0.2412505582760181
-0.3664796002269953,0.1694151343588287
0.0698219257083353,-0.06189551701234235
0.08712972991898059,0.3971638818081674
-0.2583754281655464,-0.4981880874312044
0.2744568905817648,-0.1016550530557819
-0.1820464221086729,-0.2479696852432753
-0.3005485038700652,0.4726278474785292
0.2018415571767017,0.03612543051313733
-0.4957618179273344,0.3237998391592886
0.4655823613494329,-0.1575420585255122
0.02757984214817923,-0.1557314817381858
0.09735611116010695,-0.1628571933672331
0.2567106742387512,-0.005929595770157798
-0.006301199202161979,0.4329751658312818
0.4549527200626871,-0.1533754168876959
0.007382593947876417,-0.0628797661826601
0.1053809486146634,-0.4486600925950208
-0.2470144763387553,-0.3813515961259897
0.4734172751131117,-0.1371313269083549
-0.3846650158554781,0.2949069760633429
-0.1228355980540126,-0.3550541162016027
0.3415980583385227,-0.2078749373801937
-0.2893113910451408,-0.3211878459120679
0.4919719086125263,-0.2097226803543944
0.1484186265904744,0.295984646311694
0.2948296207495122,0.1895883049375076
0.390603503480667,0.2803338019544727
-0.4370044892547432,-0.2807610858409293
-0.4272721579802411,0.2390236271931518
0.197778407554403,0.4900840016741901
0.4300765310058919,0.2885777817272094
0.2960558202316911,0.1494875980264625
-0.3496988001249743,-0.1565230140569977
0.06831421121755357,0.01032195894378873
0.4365007730481786,-0.3482952177374046
-0.3278100173445301,0.3073468835950693
0.2247175443784618,-0.159991055546072
-0.3098134352207444,-0.3070057632313317
0.1220775261644089,-0.4146464154339233
0.1777755079566106,-0.2262266778951345
0.461847797256649,0.02933826471715717
0.4134574074935976,0.1843396418414999
0.3576706469296974,0.2918109167722557
-0.05061876255079283,-0.1339748330447945
-0.2046266120828688,0.1352320322256036
0.2834453438841943,0.4028839247297375
0.2800855586863017,-0.1685361028996877
0.2315782610601251,-0.4406310470051597
0.2472090419361191,-0.2109180455295599
0.09882202825284134,0.4840587381457596
0.2771834730622728,-0.2213830607019459
-0.4942893631575817,-0.2313861539507125
-0.2707365101361689,0.3560037666249272
-0.3905248612858201,0.135419625580697
0.2225344340158096,-0.297226237352029
-0.458136631625707,-0.4274810193963999
-0.2551373724329179,0.1021361568241085
0.3066932953927677,-0.007672253706630289
-0.0925255372856521,-0.08101015130800521
-0.2101558039099908,0.1815868504373225
0.1023395809079219,-0.2857120208699479
-0.4606704445278109,-0.07699963068824156
0.3068513809477169,-0.3509730943549617
0.4183370090878732,0.4583835302497675
0.3478611064986533,0.05814410513640857
0.2378973463807284,-0.290297710740568
-0.1978760533931485,0.2713161464290525
0.2317605963814749,-0.2975205776228253
0.3822500555320169,-0.4234267431182324
-0.05705234097005289,0.3152068186452809
0.02879251778339133,0.1072167972171666
0.2566631875341167,-0.3643139985342691
0.4580601883745273,-0.2896398884966433
-0.3795006626096326,-0.004168685080347431
0.361249438269706,-0.4865755769458865
-0.07290407124508676,0.4917099808336253
-0.3153706660448149,0.2867910094510366
0.001771821274365459,0.4970530951250505
0.146024605958344,-0.1665949474407511
0.1776258898646001,0.3708845627286631
0.2342127656977314,0.1240897070490314
-0.3015615568876123,0.3681650788964168
-0.3129846415354782,-0.2151675558281982
-0.2549246165117703,0.2331741807689731
0.1665047047930878,-0.4990738458489564
-0.2343908444254572,-0.04776765160546909
-0.4531551075811889,0.2292669242370486
-0.1578370154517598,-0.01799316729421323
0.3118223288865992,-0.1221965504460609
-0.1524301128534489,-0.189750423550366
-0.2262772729181551,0.2265781567134842
-0.410289262461221,0.2928506839494697
0.3124646025048506,-0.2663380604670383
0.08522111727352467,-0.2252780386930515
0.2746631476626307,0.4370284679627857
0.4146991380447448,-0.4487402433446995
0.3596456202739109,-0.4296153082649272
0.4688194349253967,0.452351148510712
0.2758833139804051,-0.1082168809672322
0.1981030105461074,-0.1638838972910951
0.04328187385417483,-0.0531123845190955
-0.2824422302210361,0.3345712794849708
-0.2869996731573792,-0.1328149659292414
0.1622748644406452,-0.4739268363830144
0.1642875669917227,0.4987703183431542
-0.2941832022474116,0.3555023267104397
0.2610067378849246,-0.4636463310963595
0.06797239443796746,0.4633139776097527
-0.03614871985519741,-0.175960557377191
0.2258259408773636,-0.3584040446127641
-0.1143071541543763,-0.3832130448230892
0.4628015707843581,0.2219940759891792
0.100723907419722,0.1295769103237934
0.1258860244559244,0.4220756655487086
0.4114243451975167,-0.3950305832229787
-0.4422869462247057,-0.05477761677712858
0.1098637580221706,0.3440217751029177
-0.1025619466929227,0.384980331556309
-0.4560755773108296,0.2003055077911902
-0.4301310285115508,0.476607322728617
0.4052326548031132,-0.124242824535734
0.3328165243517443,-0.4587665015790233
-0.1964104638305134,-0.0277404988788708
0.1526191407580297,-0.3860691545446222
-0.2639058133300183,0.419659170994499
-0.079453668599305,-0.09425232566224095
-0.1668193544883405,-0.4854373093082954
-0.1615324985679467,-0.3591882330629985
-0.3346016548113011,0.2114104924867508
0.2668825246179256,0.4628396119237774
0.443614397167431,-0.2912734056003498
-0.2631443507789803,0.07012785408005956
-0.2980697980373864,0.1597695522179955
0.2199984075008376,0.3766303986978273
0.3697995806423399,-0.07469517747112257
-0.465658916685048,-0.2161870789400032
0.2582594078923997,0.1653291134365342
0.1361527652771904,-0.2447268574853254
0.2246191111226233,-0.347681497028294
-0.3837765305432019,0.4571786685163191
-0.1239431407792868,-0.1309749117799346
-0.4093239515643425,0.4502676404344308
-0.03335630063421809,-0.1716628388356077
0.07080453531413725,0.1706685706833302
-0.2339848732159743,0.05017453009376162
0.2099832455945004,-0.4774838227505973
0.05132113150786102,0.04190167988191427
-0.2706195123827108,-0.4643269789330079
0.3875020233895112,0.037499662357035
-0.254464509372104,0.01538821103925057
0.1148415954396852,-0.3045388808881221
-0.2999443706549074,-0.4181373375346196
0.1352723657210387,-0.02070180151517268
0.3578046264349895,-0.0238220966535276
-0.08581134686072003,-0.3399180204649118
-0.1847894869891381,0.0748372768210383
0.2592491139481227,-0.373692909940353
-0.3064991379474373,0.2166716594476376
-0.0008909556504717148,-0.1821811362414349
0.2661192926238149,0.01426285716707866
-0.06062050221141979,-0.4741075518174966
-0.05404064190912911,0.07032150365463705
0.1546391630145931,-0.0385014539185369
-0.211280913099312,0.3089679253188085
0.1558721302889909,-0.2761211442644209
0.2038034870411263,0.008769399504805377
0.0300858136334024,0.3256990385774172
-0.01030953429712502,-0.2113961794878542
-0.1587756389989914,-0.4847146214662312
-0.181911501841672,0.3103832299091571
0.424572482351627,0.4046193656370835
-0.3268294730153576,0.3370826805496148
-0.462280692657105,-0.1627026872199195
-0.4087064096839896,0.1473298653641055
-0.3915948378924945,0.09071677061497982
0.1475704054823888,0.1068247378645323
0.05804041269239431,-0.1714210128340952
0.0805018388990162,-0.3604684978387704
0.2159168803297264,-0.4819890548538882
-0.09164765963690324,0.03756907580096517
0.4760439662749846,-0.2701633981372119
-0.09008932220318742,0.02483644967088645
-0.2266103448218357,0.1153739807998294
-0.2961394905960244,0.4183245020747771
0.2509687882700855,-0.05622342063707038
0.2523189134027453,-0.3908808215172803
0.1438038408590428,-0.3015389052600655
-0.200671578422921,-0.3702097175776415
0.4728616394217079,-0.3113923586262047
0.3036526243776667,-0.1186921790025644
-0.0707919174448641,0.3083329039633014
-0.2264244460750277,0.2162605987913101
0.07846421545476794,-0.04815490491273388
-0.2573099032561806,-0.1305800030863715
0.1038270238254045,-0.006661492986243037
0.09733496897015385,0.04531365779482394
0.4053153724653393,-0.1661912080719324
0.1899821989048472,0.286243542810225
0.1050143118613629,0.04709478288459217
-0.08263612414705698,-0.1583287574800715
0.3545675324984978,-0.3738902732228274
-0.120042391538934,0.214204887657672
-0.1357111390721542,-0.4516375000370105
-0.3025364039299302,-0.4488581155012288
0.2944279494879087,0.3212762774252712
0.3850838125733262,-0.4145515881116635
0.1927828789980401,-0.3919459936314525
0.1950198167772819,-0.4682161349194668
-0.3345652119447906,0.2675129236342061
-0.179796355236285,-0.01742989187515599
0.4106092723540588,0.1245221134224637
0.2634235477049518,-0.2230390405955357
0.2434552906548696,0.1183241065531538
0.4422202325202882,0.4811166611401914
0.1867472893628736,0.05448920844229899
-0.2610513583108675,0.4390882684927078
0.1808293761297522,0.04269353034839238
-0.3135708113132497,0.2642243444760399
-0.4128274943203442,0.3887150871906856
-0.1647518306005362,-0.3002099937779755
0.3606136712033922,-0.3097750066423478
-0.3440291741850266,0.1297175459347937
-0.3937765028983523,0.4809146331790483
-0.1994786678048666,-0.3968575268472231
-0.443895503888464,-0.2028199735988415
0.1485004446428106,-0.006332247266242813
0.1044730217477066,0.3377089186180902
-0.003646867903153227,-0.4543313607950071
-0.4939616806065824,0.3816848033323833
-0.1161813541129958,0.03206548891837202
0.03689116233093719,-0.3158645887330476
0.07350664485938446,-0.4967173157496055
-0.2791790798226969,-0.4145431511429039
0.07386323869387984,0.2406134156028241
-0.1149476174480766,-0.09928191317698337
0.4421662614956278,0.02887138793816826
0.2254172838366505,0.1659653958933215
0.4312167418288839,-0.01838822242087438
-0.04994039285620112,-0.371022423014187
0.4694039332635759,0.1473430751434292
0.4010641479932049,-0.2890631073215638
0.1214797143216379,-0.01996573524896826
-0.244929758860789,-0.3420221616389353
-0.01532430171455334,-0.0629064395159082
-0.2670305023360364,0.4676816273305923
-0.4748600723827664,-0.2051468517787025
-0.275837977517936,0.3337563264732804
-0.3436154553182117,-0.4871873339901768
-0.4454240785288913,-0.04481208527909387
-0.2777113453066843,0.07413003687043601
-0.160770583945842,-0.04859504094833415
0.4489322683229454,-0.1172313136584686
0.332111254044306,0.2950713831732591
0.03643858881148362,0.4106917317194636
0.1517840192930789,-0.3400235596317608
0.2279076297307476,-0.2189529563781632
0.2548890122392407,-0.2738276661165837
-0.4850568864574443,0.4474368675087848
-0.4763131999321327,-0.1535385315835725
0.08310159538823345,-0.3318794518223283
-0.0665837952475303,0.2332497115406548
-0.4785386947459215,-0.1444057987578692
0.1721643516757722,-0.3272402819522603
-0.4021045561679183,-0.1428121737891534
0.2267426580017277,-0.4029575187876503
-0.002114101475505029,0.4039563146620728
-0.06538054119443254,0.1017867581595231
-0.3203755693204828,-0.1996591725591331
-0.2602475032941574,0.2407851165863782
0.2576294135487839,0.2532602500943716
-0.1025352355036961,0.4004243431411033
-0.02962081298656444,-0.2001262570069293
-0.183342219900345,-0.401006543845777
-0.3372779600171796,-0.2854564995950459
-0.116047100752662,-0.09187663573326546
-0.2495821320223384,0.1831661593441664
-0.1548194142092132,-0.1341202573975055
-0.3681796850428002,-0.07127773767221036
0.2711002244437421,0.08997947527014731
-0.1331896986578249,-0.4583502377793559
0.2597500567768653,-0.4174443302899606
-0.2901827046563981,-0.01957791273340412
-0.06277358681976898,0.008790457462762838
-0.47913747747545,0.3145515489043424
0.256509049236821,0.01756083104715768
-0.05645961030699179,0.2328435997591503
-0.3176280078736393,-0.1332719893349975
0.3042204647983504,0.1080570537338647
0.03344398657129469,0.4336445465340772
-0.3629920559671089,-0.2262571784738512
-0.3180687538130623,-0.1228124661269793
-0.2456121443986173,0.3658428680505326
-0.2753479829852036,0.4755100651253368
0.3626702647937051,0.3558461112433885
-0.4782541831970195,0.136013284450228
-0.2433630727592503,0.2224529140292421
-0.3610341709379165,0.006736572275629859
-0.2166066161479247,0.2680625682680163
0.2926179833643475,0.3561957822856561
0.1850400717137497,-0.1216427750895858
0.3789854116480838,-0.326548880623875
0.266755078786097,-0.3306502132225169
